PokeId,Name,Type1_id,Type1,Type2_id,Type2,Total,HP,Attack,Defense,Sp_Atk,Sp_Def,Speed,Generation,Legendary
1,Bulbasaur,3,Grass,12,Poison,318,45,49,49,65,65,45,1,false
2,Ivysaur,3,Grass,12,Poison,405,60,62,63,80,80,60,1,false
3,Venusaur,3,Grass,12,Poison,525,80,82,83,100,100,80,1,false
4,Charmander,1,Fire,0,,309,39,52,43,60,50,65,1,false
5,Charmeleon,1,Fire,0,,405,58,64,58,80,65,80,1,false
6,Charizard,1,Fire,10,Flying,534,78,84,78,109,85,100,1,false
7,Squirtle,2,Water,0,,314,44,48,65,50,64,43,1,false
8,Wartortle,2,Water,0,,405,59,63,80,65,80,58,1,false
9,Blastoise,2,Water,0,,530,79,83,100,85,105,78,1,false
10,Caterpie,18,Bug,0,,195,45,30,35,20,20,45,1,false
11,Metapod,18,Bug,0,,205,50,20,55,25,25,30,1,false
12,Butterfree,18,Bug,10,Flying,395,60,45,50,90,80,70,1,false
13,Weedle,18,Bug,12,Poison,195,40,35,30,20,20,50,1,false
14,Kakuna,18,Bug,12,Poison,205,45,25,50,25,25,35,1,false
15,Beedrill,18,Bug,12,Poison,395,65,90,40,45,80,75,1,false
16,Pidgey,7,Normal,10,Flying,251,40,45,40,35,35,56,1,false
17,Pidgeotto,7,Normal,10,Flying,349,63,60,55,50,50,71,1,false
18,Pidgeot,7,Normal,10,Flying,479,83,80,75,70,70,101,1,false
19,Rattata,7,Normal,0,,253,30,56,35,25,35,72,1,false
20,Raticate,7,Normal,0,,413,55,81,60,50,70,97,1,false
21,Spearow,7,Normal,10,Flying,262,40,60,30,31,31,70,1,false
22,Fearow,7,Normal,10,Flying,442,65,90,65,61,61,100,1,false
23,Ekans,12,Poison,0,,288,35,60,44,40,54,55,1,false
24,Arbok,12,Poison,0,,438,60,85,69,65,79,80,1,false
25,Pikachu,4,Electric,0,,320,35,55,40,50,50,90,1,false
26,Raichu,4,Electric,0,,485,60,90,55,90,80,110,1,false
27,Sandshrew,14,Ground,0,,300,50,75,85,20,30,40,1,false
28,Sandslash,14,Ground,0,,450,75,100,110,45,55,65,1,false
29,Nidoran-f,12,Poison,0,,275,55,47,52,40,40,41,1,false
30,Nidorina,12,Poison,0,,365,70,62,67,55,55,56,1,false
31,Nidoqueen,12,Poison,14,Ground,505,90,92,87,75,85,76,1,false
32,Nidoran-m,12,Poison,0,,273,46,57,40,40,40,50,1,false
33,Nidorino,12,Poison,0,,365,61,72,57,55,55,65,1,false
34,Nidoking,12,Poison,14,Ground,505,81,102,77,85,75,85,1,false
35,Clefairy,8,Fairy,0,,323,70,45,48,60,65,35,1,false
36,Clefable,8,Fairy,0,,483,95,70,73,95,90,60,1,false
37,Vulpix,1,Fire,0,,299,38,41,40,50,65,65,1,false
38,Ninetales,1,Fire,0,,505,73,76,75,81,100,100,1,false
39,Jigglypuff,7,Normal,8,Fairy,270,115,45,20,45,25,20,1,false
40,Wigglytuff,7,Normal,8,Fairy,435,140,70,45,85,50,45,1,false
41,Zubat,12,Poison,10,Flying,245,40,45,35,30,40,55,1,false
42,Golbat,12,Poison,10,Flying,455,75,80,70,65,75,90,1,false
43,Oddish,3,Grass,12,Poison,320,45,50,55,75,65,30,1,false
44,Gloom,3,Grass,12,Poison,395,60,65,70,85,75,40,1,false
45,Vileplume,3,Grass,12,Poison,490,75,80,85,110,90,50,1,false
46,Paras,18,Bug,3,Grass,285,35,70,55,45,55,25,1,false
47,Parasect,18,Bug,3,Grass,405,60,95,80,60,80,30,1,false
48,Venonat,18,Bug,12,Poison,305,60,55,50,40,55,45,1,false
49,Venomoth,18,Bug,12,Poison,450,70,65,60,90,75,90,1,false
50,Diglett,14,Ground,0,,265,10,55,25,35,45,95,1,false
51,Dugtrio,14,Ground,0,,405,35,80,50,50,70,120,1,false
52,Meowth,7,Normal,0,,290,40,45,35,40,40,90,1,false
53,Persian,7,Normal,0,,440,65,70,60,65,65,115,1,false
54,Psyduck,2,Water,0,,320,50,52,48,65,50,55,1,false
55,Golduck,2,Water,0,,500,80,82,78,95,80,85,1,false
56,Mankey,17,Fighting,0,,305,40,80,35,35,45,70,1,false
57,Primeape,17,Fighting,0,,455,65,105,60,60,70,95,1,false
58,Growlithe,1,Fire,0,,350,55,70,45,70,50,60,1,false
59,Arcanine,1,Fire,0,,555,90,110,80,100,80,95,1,false
60,Poliwag,2,Water,0,,300,40,50,40,40,40,90,1,false
61,Poliwhirl,2,Water,0,,385,65,65,65,50,50,90,1,false
62,Poliwrath,2,Water,17,Fighting,510,90,95,95,70,90,70,1,false
63,Abra,5,Psychic,0,,310,25,20,15,105,55,90,1,false
64,Kadabra,5,Psychic,0,,400,40,35,30,120,70,105,1,false
65,Alakazam,5,Psychic,0,,500,55,50,45,135,95,120,1,false
66,Machop,17,Fighting,0,,305,70,80,50,35,35,35,1,false
67,Machoke,17,Fighting,0,,405,80,100,70,50,60,45,1,false
68,Machamp,17,Fighting,0,,505,90,130,80,65,85,55,1,false
69,Bellsprout,3,Grass,12,Poison,300,50,75,35,70,30,40,1,false
70,Weepinbell,3,Grass,12,Poison,390,65,90,50,85,45,55,1,false
71,Victreebel,3,Grass,12,Poison,490,80,105,65,100,70,70,1,false
72,Tentacool,2,Water,12,Poison,335,40,40,35,50,100,70,1,false
73,Tentacruel,2,Water,12,Poison,515,80,70,65,80,120,100,1,false
74,Geodude,15,Rock,14,Ground,300,40,80,100,30,30,20,1,false
75,Graveler,15,Rock,14,Ground,390,55,95,115,45,45,35,1,false
76,Golem,15,Rock,14,Ground,495,80,120,130,55,65,45,1,false
77,Ponyta,1,Fire,0,,410,50,85,55,65,65,90,1,false
78,Rapidash,1,Fire,0,,500,65,100,70,80,80,105,1,false
79,Slowpoke,2,Water,5,Psychic,315,90,65,65,40,40,15,1,false
80,Slowbro,2,Water,5,Psychic,490,95,75,110,100,80,30,1,false
81,Magnemite,4,Electric,6,Steel,325,25,35,70,95,55,45,1,false
82,Magneton,4,Electric,6,Steel,465,50,60,95,120,70,70,1,false
83,Farfetch'd,7,Normal,10,Flying,352,52,65,55,58,62,60,1,false
84,Doduo,7,Normal,10,Flying,310,35,85,45,35,35,75,1,false
85,Dodrio,7,Normal,10,Flying,460,60,110,70,60,60,100,1,false
86,Seel,2,Water,0,,325,65,45,55,45,70,45,1,false
87,Dewgong,2,Water,13,Ice,475,90,70,80,70,95,70,1,false
88,Grimer,12,Poison,0,,325,80,80,50,40,50,25,1,false
89,Muk,12,Poison,0,,500,105,105,75,65,100,50,1,false
90,Shellder,2,Water,0,,305,30,65,100,45,25,40,1,false
91,Cloyster,2,Water,13,Ice,525,50,95,180,85,45,70,1,false
92,Gastly,11,Ghost,12,Poison,310,30,35,30,100,35,80,1,false
93,Haunter,11,Ghost,12,Poison,405,45,50,45,115,55,95,1,false
94,Gengar,11,Ghost,12,Poison,500,60,65,60,130,75,110,1,false
95,Onix,15,Rock,14,Ground,385,35,45,160,30,45,70,1,false
96,Drowzee,5,Psychic,0,,328,60,48,45,43,90,42,1,false
97,Hypno,5,Psychic,0,,483,85,73,70,73,115,67,1,false
98,Krabby,2,Water,0,,325,30,105,90,25,25,50,1,false
99,Kingler,2,Water,0,,475,55,130,115,50,50,75,1,false
100,Voltorb,4,Electric,0,,330,40,30,50,55,55,100,1,false
101,Electrode,4,Electric,0,,480,60,50,70,80,80,140,1,false
102,Exeggcute,3,Grass,5,Psychic,325,60,40,80,60,45,40,1,false
103,Exeggutor,3,Grass,5,Psychic,520,95,95,85,125,65,55,1,false
104,Cubone,14,Ground,0,,320,50,50,95,40,50,35,1,false
105,Marowak,14,Ground,0,,425,60,80,110,50,80,45,1,false
106,Hitmonlee,17,Fighting,0,,455,50,120,53,35,110,87,1,false
107,Hitmonchan,17,Fighting,0,,455,50,105,79,35,110,76,1,false
108,Lickitung,7,Normal,0,,385,90,55,75,60,75,30,1,false
109,Koffing,12,Poison,0,,340,40,65,95,60,45,35,1,false
110,Weezing,12,Poison,0,,490,65,90,120,85,70,60,1,false
111,Rhyhorn,14,Ground,15,Rock,345,80,85,95,30,30,25,1,false
112,Rhydon,14,Ground,15,Rock,485,105,130,120,45,45,40,1,false
113,Chansey,7,Normal,0,,450,250,5,5,35,105,50,1,false
114,Tangela,3,Grass,0,,435,65,55,115,100,40,60,1,false
115,Kangaskhan,7,Normal,0,,490,105,95,80,40,80,90,1,false
116,Horsea,2,Water,0,,295,30,40,70,70,25,60,1,false
117,Seadra,2,Water,0,,440,55,65,95,95,45,85,1,false
118,Goldeen,2,Water,0,,320,45,67,60,35,50,63,1,false
119,Seaking,2,Water,0,,450,80,92,65,65,80,68,1,false
120,Staryu,2,Water,0,,340,30,45,55,70,55,85,1,false
121,Starmie,2,Water,5,Psychic,520,60,75,85,100,85,115,1,false
122,Mr. Mime,5,Psychic,8,Fairy,460,40,45,65,100,120,90,1,false
123,Scyther,18,Bug,10,Flying,500,70,110,80,55,80,105,1,false
124,Jynx,13,Ice,5,Psychic,455,65,50,35,115,95,95,1,false
125,Electabuzz,4,Electric,0,,490,65,83,57,95,85,105,1,false
126,Magmar,1,Fire,0,,495,65,95,57,100,85,93,1,false
127,Pinsir,18,Bug,0,,500,65,125,100,55,70,85,1,false
128,Tauros,7,Normal,0,,490,75,100,95,40,70,110,1,false
129,Magikarp,2,Water,0,,200,20,10,55,15,20,80,1,false
130,Gyarados,2,Water,10,Flying,540,95,125,79,60,100,81,1,false
131,Lapras,2,Water,13,Ice,535,130,85,80,85,95,60,1,false
132,Ditto,7,Normal,0,,288,48,48,48,48,48,48,1,false
133,Eevee,7,Normal,0,,325,55,55,50,45,65,55,1,false
134,Vaporeon,2,Water,0,,525,130,65,60,110,95,65,1,false
135,Jolteon,4,Electric,0,,525,65,65,60,110,95,130,1,false
136,Flareon,1,Fire,0,,525,65,130,60,95,110,65,1,false
137,Porygon,7,Normal,0,,395,65,60,70,85,75,40,1,false
138,Omanyte,15,Rock,2,Water,355,35,40,100,90,55,35,1,false
139,Omastar,15,Rock,2,Water,495,70,60,125,115,70,55,1,false
140,Kabuto,15,Rock,2,Water,355,30,80,90,55,45,55,1,false
141,Kabutops,15,Rock,2,Water,495,60,115,105,65,70,80,1,false
142,Aerodactyl,15,Rock,10,Flying,515,80,105,65,60,75,130,1,false
143,Snorlax,7,Normal,0,,540,160,110,65,65,110,30,1,false
144,Articuno,13,Ice,10,Flying,580,90,85,100,95,125,85,1,true
145,Zapdos,4,Electric,10,Flying,580,90,90,85,125,90,100,1,true
146,Moltres,1,Fire,10,Flying,580,90,100,90,125,85,90,1,true
147,Dratini,16,Dragon,0,,300,41,64,45,50,50,50,1,false
148,Dragonair,16,Dragon,0,,420,61,84,65,70,70,70,1,false
149,Dragonite,16,Dragon,10,Flying,600,91,134,95,100,100,80,1,false
150,Mewtwo,5,Psychic,0,,680,106,110,90,154,90,130,1,true
151,Mew,5,Psychic,0,,600,100,100,100,100,100,100,1,false
152,Chikorita,3,Grass,0,,318,45,49,65,49,65,45,2,false
153,Bayleef,3,Grass,0,,405,60,62,80,63,80,60,2,false
154,Meganium,3,Grass,0,,525,80,82,100,83,100,80,2,false
155,Cyndaquil,1,Fire,0,,309,39,52,43,60,50,65,2,false
156,Quilava,1,Fire,0,,405,58,64,58,80,65,80,2,false
157,Typhlosion,1,Fire,0,,534,78,84,78,109,85,100,2,false
158,Totodile,2,Water,0,,314,50,65,64,44,48,43,2,false
159,Croconaw,2,Water,0,,405,65,80,80,59,63,58,2,false
160,Feraligatr,2,Water,0,,530,85,105,100,79,83,78,2,false
161,Sentret,7,Normal,0,,215,35,46,34,35,45,20,2,false
162,Furret,7,Normal,0,,415,85,76,64,45,55,90,2,false
163,Hoothoot,7,Normal,10,Flying,262,60,30,30,36,56,50,2,false
164,Noctowl,7,Normal,10,Flying,442,100,50,50,76,96,70,2,false
165,Ledyba,18,Bug,10,Flying,265,40,20,30,40,80,55,2,false
166,Ledian,18,Bug,10,Flying,390,55,35,50,55,110,85,2,false
167,Spinarak,18,Bug,12,Poison,250,40,60,40,40,40,30,2,false
168,Ariados,18,Bug,12,Poison,390,70,90,70,60,60,40,2,false
169,Crobat,12,Poison,10,Flying,535,85,90,80,70,80,130,2,false
170,Chinchou,2,Water,4,Electric,330,75,38,38,56,56,67,2,false
171,Lanturn,2,Water,4,Electric,460,125,58,58,76,76,67,2,false
172,Pichu,4,Electric,0,,205,20,40,15,35,35,60,2,false
173,Cleffa,8,Fairy,0,,218,50,25,28,45,55,15,2,false
174,Igglybuff,7,Normal,8,Fairy,210,90,30,15,40,20,15,2,false
175,Togepi,8,Fairy,0,,245,35,20,65,40,65,20,2,false
176,Togetic,8,Fairy,10,Flying,405,55,40,85,80,105,40,2,false
177,Natu,5,Psychic,10,Flying,320,40,50,45,70,45,70,2,false
178,Xatu,5,Psychic,10,Flying,470,65,75,70,95,70,95,2,false
179,Mareep,4,Electric,0,,280,55,40,40,65,45,35,2,false
180,Flaaffy,4,Electric,0,,365,70,55,55,80,60,45,2,false
181,Ampharos,4,Electric,0,,510,90,75,85,115,90,55,2,false
182,Bellossom,3,Grass,0,,490,75,80,95,90,100,50,2,false
183,Marill,2,Water,8,Fairy,250,70,20,50,20,50,40,2,false
184,Azumarill,2,Water,8,Fairy,420,100,50,80,60,80,50,2,false
185,Sudowoodo,15,Rock,0,,410,70,100,115,30,65,30,2,false
186,Politoed,2,Water,0,,500,90,75,75,90,100,70,2,false
187,Hoppip,3,Grass,10,Flying,250,35,35,40,35,55,50,2,false
188,Skiploom,3,Grass,10,Flying,340,55,45,50,45,65,80,2,false
189,Jumpluff,3,Grass,10,Flying,460,75,55,70,55,95,110,2,false
190,Aipom,7,Normal,0,,360,55,70,55,40,55,85,2,false
191,Sunkern,3,Grass,0,,180,30,30,30,30,30,30,2,false
192,Sunflora,3,Grass,0,,425,75,75,55,105,85,30,2,false
193,Yanma,18,Bug,10,Flying,390,65,65,45,75,45,95,2,false
194,Wooper,2,Water,14,Ground,210,55,45,45,25,25,15,2,false
195,Quagsire,2,Water,14,Ground,430,95,85,85,65,65,35,2,false
196,Espeon,5,Psychic,0,,525,65,65,60,130,95,110,2,false
197,Umbreon,9,Dark,0,,525,95,65,110,60,130,65,2,false
198,Murkrow,9,Dark,10,Flying,405,60,85,42,85,42,91,2,false
199,Slowking,2,Water,5,Psychic,490,95,75,80,100,110,30,2,false
200,Misdreavus,11,Ghost,0,,435,60,60,60,85,85,85,2,false
201,Unown,5,Psychic,0,,336,48,72,48,72,48,48,2,false
202,Wobbuffet,5,Psychic,0,,405,190,33,58,33,58,33,2,false
203,Girafarig,7,Normal,5,Psychic,455,70,80,65,90,65,85,2,false
204,Pineco,18,Bug,0,,290,50,65,90,35,35,15,2,false
205,Forretress,18,Bug,6,Steel,465,75,90,140,60,60,40,2,false
206,Dunsparce,7,Normal,0,,415,100,70,70,65,65,45,2,false
207,Gligar,14,Ground,10,Flying,430,65,75,105,35,65,85,2,false
208,Steelix,6,Steel,14,Ground,510,75,85,200,55,65,30,2,false
209,Snubbull,8,Fairy,0,,300,60,80,50,40,40,30,2,false
210,Granbull,8,Fairy,0,,450,90,120,75,60,60,45,2,false
211,Qwilfish,2,Water,12,Poison,430,65,95,75,55,55,85,2,false
212,Scizor,18,Bug,6,Steel,500,70,130,100,55,80,65,2,false
213,Shuckle,18,Bug,15,Rock,505,20,10,230,10,230,5,2,false
214,Heracross,18,Bug,17,Fighting,500,80,125,75,40,95,85,2,false
215,Sneasel,9,Dark,13,Ice,430,55,95,55,35,75,115,2,false
216,Teddiursa,7,Normal,0,,330,60,80,50,50,50,40,2,false
217,Ursaring,7,Normal,0,,500,90,130,75,75,75,55,2,false
218,Slugma,1,Fire,0,,250,40,40,40,70,40,20,2,false
219,Magcargo,1,Fire,15,Rock,410,50,50,120,80,80,30,2,false
220,Swinub,13,Ice,14,Ground,250,50,50,40,30,30,50,2,false
221,Piloswine,13,Ice,14,Ground,450,100,100,80,60,60,50,2,false
222,Corsola,2,Water,15,Rock,380,55,55,85,65,85,35,2,false
223,Remoraid,2,Water,0,,300,35,65,35,65,35,65,2,false
224,Octillery,2,Water,0,,480,75,105,75,105,75,45,2,false
225,Delibird,13,Ice,10,Flying,330,45,55,45,65,45,75,2,false
226,Mantine,2,Water,10,Flying,465,65,40,70,80,140,70,2,false
227,Skarmory,6,Steel,10,Flying,465,65,80,140,40,70,70,2,false
228,Houndour,9,Dark,1,Fire,330,45,60,30,80,50,65,2,false
229,Houndoom,9,Dark,1,Fire,500,75,90,50,110,80,95,2,false
230,Kingdra,2,Water,16,Dragon,540,75,95,95,95,95,85,2,false
231,Phanpy,14,Ground,0,,330,90,60,60,40,40,40,2,false
232,Donphan,14,Ground,0,,500,90,120,120,60,60,50,2,false
233,Porygon2,7,Normal,0,,515,85,80,90,105,95,60,2,false
234,Stantler,7,Normal,0,,465,73,95,62,85,65,85,2,false
235,Smeargle,7,Normal,0,,250,55,20,35,20,45,75,2,false
236,Tyrogue,17,Fighting,0,,210,35,35,35,35,35,35,2,false
237,Hitmontop,17,Fighting,0,,455,50,95,95,35,110,70,2,false
238,Smoochum,13,Ice,5,Psychic,305,45,30,15,85,65,65,2,false
239,Elekid,4,Electric,0,,360,45,63,37,65,55,95,2,false
240,Magby,1,Fire,0,,365,45,75,37,70,55,83,2,false
241,Miltank,7,Normal,0,,490,95,80,105,40,70,100,2,false
242,Blissey,7,Normal,0,,540,255,10,10,75,135,55,2,false
243,Raikou,4,Electric,0,,580,90,85,75,115,100,115,2,true
244,Entei,1,Fire,0,,580,115,115,85,90,75,100,2,true
245,Suicune,2,Water,0,,580,100,75,115,90,115,85,2,true
246,Larvitar,15,Rock,14,Ground,300,50,64,50,45,50,41,2,false
247,Pupitar,15,Rock,14,Ground,410,70,84,70,65,70,51,2,false
248,Tyranitar,15,Rock,9,Dark,600,100,134,110,95,100,61,2,false
249,Lugia,5,Psychic,10,Flying,680,106,90,130,90,154,110,2,true
250,Ho-oh,1,Fire,10,Flying,680,106,130,90,110,154,90,2,true
251,Celebi,5,Psychic,3,Grass,600,100,100,100,100,100,100,2,false
252,Treecko,3,Grass,0,,310,40,45,35,65,55,70,3,false
253,Grovyle,3,Grass,0,,405,50,65,45,85,65,95,3,false
254,Sceptile,3,Grass,0,,530,70,85,65,105,85,120,3,false
255,Torchic,1,Fire,0,,310,45,60,40,70,50,45,3,false
256,Combusken,1,Fire,17,Fighting,405,60,85,60,85,60,55,3,false
257,Blaziken,1,Fire,17,Fighting,530,80,120,70,110,70,80,3,false
258,Mudkip,2,Water,0,,310,50,70,50,50,50,40,3,false
259,Marshtomp,2,Water,14,Ground,405,70,85,70,60,70,50,3,false
260,Swampert,2,Water,14,Ground,535,100,110,90,85,90,60,3,false
261,Poochyena,9,Dark,0,,220,35,55,35,30,30,35,3,false
262,Mightyena,9,Dark,0,,420,70,90,70,60,60,70,3,false
263,Zigzagoon,7,Normal,0,,240,38,30,41,30,41,60,3,false
264,Linoone,7,Normal,0,,420,78,70,61,50,61,100,3,false
265,Wurmple,18,Bug,0,,195,45,45,35,20,30,20,3,false
266,Silcoon,18,Bug,0,,205,50,35,55,25,25,15,3,false
267,Beautifly,18,Bug,10,Flying,395,60,70,50,100,50,65,3,false
268,Cascoon,18,Bug,0,,205,50,35,55,25,25,15,3,false
269,Dustox,18,Bug,12,Poison,385,60,50,70,50,90,65,3,false
270,Lotad,2,Water,3,Grass,220,40,30,30,40,50,30,3,false
271,Lombre,2,Water,3,Grass,340,60,50,50,60,70,50,3,false
272,Ludicolo,2,Water,3,Grass,480,80,70,70,90,100,70,3,false
273,Seedot,3,Grass,0,,220,40,40,50,30,30,30,3,false
274,Nuzleaf,3,Grass,9,Dark,340,70,70,40,60,40,60,3,false
275,Shiftry,3,Grass,9,Dark,480,90,100,60,90,60,80,3,false
276,Taillow,7,Normal,10,Flying,270,40,55,30,30,30,85,3,false
277,Swellow,7,Normal,10,Flying,430,60,85,60,50,50,125,3,false
278,Wingull,2,Water,10,Flying,270,40,30,30,55,30,85,3,false
279,Pelipper,2,Water,10,Flying,430,60,50,100,85,70,65,3,false
280,Ralts,5,Psychic,8,Fairy,198,28,25,25,45,35,40,3,false
281,Kirlia,5,Psychic,8,Fairy,278,38,35,35,65,55,50,3,false
282,Gardevoir,5,Psychic,8,Fairy,518,68,65,65,125,115,80,3,false
283,Surskit,18,Bug,2,Water,269,40,30,32,50,52,65,3,false
284,Masquerain,18,Bug,10,Flying,414,70,60,62,80,82,60,3,false
285,Shroomish,3,Grass,0,,295,60,40,60,40,60,35,3,false
286,Breloom,3,Grass,17,Fighting,460,60,130,80,60,60,70,3,false
287,Slakoth,7,Normal,0,,280,60,60,60,35,35,30,3,false
288,Vigoroth,7,Normal,0,,440,80,80,80,55,55,90,3,false
289,Slaking,7,Normal,0,,670,150,160,100,95,65,100,3,false
290,Nincada,18,Bug,14,Ground,266,31,45,90,30,30,40,3,false
291,Ninjask,18,Bug,10,Flying,456,61,90,45,50,50,160,3,false
292,Shedinja,18,Bug,11,Ghost,236,1,90,45,30,30,40,3,false
293,Whismur,7,Normal,0,,240,64,51,23,51,23,28,3,false
294,Loudred,7,Normal,0,,360,84,71,43,71,43,48,3,false
295,Exploud,7,Normal,0,,490,104,91,63,91,73,68,3,false
296,Makuhita,17,Fighting,0,,237,72,60,30,20,30,25,3,false
297,Hariyama,17,Fighting,0,,474,144,120,60,40,60,50,3,false
298,Azurill,7,Normal,8,Fairy,190,50,20,40,20,40,20,3,false
299,Nosepass,15,Rock,0,,375,30,45,135,45,90,30,3,false
300,Skitty,7,Normal,0,,260,50,45,45,35,35,50,3,false
301,Delcatty,7,Normal,0,,380,70,65,65,55,55,70,3,false
302,Sableye,9,Dark,11,Ghost,380,50,75,75,65,65,50,3,false
303,Mawile,6,Steel,8,Fairy,380,50,85,85,55,55,50,3,false
304,Aron,6,Steel,15,Rock,330,50,70,100,40,40,30,3,false
305,Lairon,6,Steel,15,Rock,430,60,90,140,50,50,40,3,false
306,Aggron,6,Steel,15,Rock,530,70,110,180,60,60,50,3,false
307,Meditite,17,Fighting,5,Psychic,280,30,40,55,40,55,60,3,false
308,Medicham,17,Fighting,5,Psychic,410,60,60,75,60,75,80,3,false
309,Electrike,4,Electric,0,,295,40,45,40,65,40,65,3,false
310,Manectric,4,Electric,0,,475,70,75,60,105,60,105,3,false
311,Plusle,4,Electric,0,,405,60,50,40,85,75,95,3,false
312,Minun,4,Electric,0,,405,60,40,50,75,85,95,3,false
313,Volbeat,18,Bug,0,,400,65,73,55,47,75,85,3,false
314,Illumise,18,Bug,0,,400,65,47,55,73,75,85,3,false
315,Roselia,3,Grass,12,Poison,400,50,60,45,100,80,65,3,false
316,Gulpin,12,Poison,0,,302,70,43,53,43,53,40,3,false
317,Swalot,12,Poison,0,,467,100,73,83,73,83,55,3,false
318,Carvanha,2,Water,9,Dark,305,45,90,20,65,20,65,3,false
319,Sharpedo,2,Water,9,Dark,460,70,120,40,95,40,95,3,false
320,Wailmer,2,Water,0,,400,130,70,35,70,35,60,3,false
321,Wailord,2,Water,0,,500,170,90,45,90,45,60,3,false
322,Numel,1,Fire,14,Ground,305,60,60,40,65,45,35,3,false
323,Camerupt,1,Fire,14,Ground,460,70,100,70,105,75,40,3,false
324,Torkoal,1,Fire,0,,470,70,85,140,85,70,20,3,false
325,Spoink,5,Psychic,0,,330,60,25,35,70,80,60,3,false
326,Grumpig,5,Psychic,0,,470,80,45,65,90,110,80,3,false
327,Spinda,7,Normal,0,,360,60,60,60,60,60,60,3,false
328,Trapinch,14,Ground,0,,290,45,100,45,45,45,10,3,false
329,Vibrava,14,Ground,16,Dragon,340,50,70,50,50,50,70,3,false
330,Flygon,14,Ground,16,Dragon,520,80,100,80,80,80,100,3,false
331,Cacnea,3,Grass,0,,335,50,85,40,85,40,35,3,false
332,Cacturne,3,Grass,9,Dark,475,70,115,60,115,60,55,3,false
333,Swablu,7,Normal,10,Flying,310,45,40,60,40,75,50,3,false
334,Altaria,16,Dragon,10,Flying,490,75,70,90,70,105,80,3,false
335,Zangoose,7,Normal,0,,458,73,115,60,60,60,90,3,false
336,Seviper,12,Poison,0,,458,73,100,60,100,60,65,3,false
337,Lunatone,15,Rock,5,Psychic,440,70,55,65,95,85,70,3,false
338,Solrock,15,Rock,5,Psychic,440,70,95,85,55,65,70,3,false
339,Barboach,2,Water,14,Ground,288,50,48,43,46,41,60,3,false
340,Whiscash,2,Water,14,Ground,468,110,78,73,76,71,60,3,false
341,Corphish,2,Water,0,,308,43,80,65,50,35,35,3,false
342,Crawdaunt,2,Water,9,Dark,468,63,120,85,90,55,55,3,false
343,Baltoy,14,Ground,5,Psychic,300,40,40,55,40,70,55,3,false
344,Claydol,14,Ground,5,Psychic,500,60,70,105,70,120,75,3,false
345,Lileep,15,Rock,3,Grass,355,66,41,77,61,87,23,3,false
346,Cradily,15,Rock,3,Grass,495,86,81,97,81,107,43,3,false
347,Anorith,15,Rock,18,Bug,355,45,95,50,40,50,75,3,false
348,Armaldo,15,Rock,18,Bug,495,75,125,100,70,80,45,3,false
349,Feebas,2,Water,0,,200,20,15,20,10,55,80,3,false
350,Milotic,2,Water,0,,540,95,60,79,100,125,81,3,false
351,Castform,7,Normal,0,,420,70,70,70,70,70,70,3,false
352,Kecleon,7,Normal,0,,440,60,90,70,60,120,40,3,false
353,Shuppet,11,Ghost,0,,295,44,75,35,63,33,45,3,false
354,Banette,11,Ghost,0,,455,64,115,65,83,63,65,3,false
355,Duskull,11,Ghost,0,,295,20,40,90,30,90,25,3,false
356,Dusclops,11,Ghost,0,,455,40,70,130,60,130,25,3,false
357,Tropius,3,Grass,10,Flying,460,99,68,83,72,87,51,3,false
358,Chimecho,5,Psychic,0,,425,65,50,70,95,80,65,3,false
359,Absol,9,Dark,0,,465,65,130,60,75,60,75,3,false
360,Wynaut,5,Psychic,0,,260,95,23,48,23,48,23,3,false
361,Snorunt,13,Ice,0,,300,50,50,50,50,50,50,3,false
362,Glalie,13,Ice,0,,480,80,80,80,80,80,80,3,false
363,Spheal,13,Ice,2,Water,290,70,40,50,55,50,25,3,false
364,Sealeo,13,Ice,2,Water,410,90,60,70,75,70,45,3,false
365,Walrein,13,Ice,2,Water,530,110,80,90,95,90,65,3,false
366,Clamperl,2,Water,0,,345,35,64,85,74,55,32,3,false
367,Huntail,2,Water,0,,485,55,104,105,94,75,52,3,false
368,Gorebyss,2,Water,0,,485,55,84,105,114,75,52,3,false
369,Relicanth,2,Water,15,Rock,485,100,90,130,45,65,55,3,false
370,Luvdisc,2,Water,0,,330,43,30,55,40,65,97,3,false
371,Bagon,16,Dragon,0,,300,45,75,60,40,30,50,3,false
372,Shelgon,16,Dragon,0,,420,65,95,100,60,50,50,3,false
373,Salamence,16,Dragon,10,Flying,600,95,135,80,110,80,100,3,false
374,Beldum,6,Steel,5,Psychic,300,40,55,80,35,60,30,3,false
375,Metang,6,Steel,5,Psychic,420,60,75,100,55,80,50,3,false
376,Metagross,6,Steel,5,Psychic,600,80,135,130,95,90,70,3,false
377,Regirock,15,Rock,0,,580,80,100,200,50,100,50,3,true
378,Regice,13,Ice,0,,580,80,50,100,100,200,50,3,true
379,Registeel,6,Steel,0,,580,80,75,150,75,150,50,3,true
380,Latias,16,Dragon,5,Psychic,600,80,80,90,110,130,110,3,true
381,Latios,16,Dragon,5,Psychic,600,80,90,80,130,110,110,3,true
382,Kyogre,2,Water,0,,670,100,100,90,150,140,90,3,true
383,Groudon,14,Ground,0,,670,100,150,140,100,90,90,3,true
384,Rayquaza,16,Dragon,10,Flying,680,105,150,90,150,90,95,3,true
385,Jirachi,6,Steel,5,Psychic,600,100,100,100,100,100,100,3,true
386,DeoxysNormal Forme,5,Psychic,0,,600,50,150,50,150,50,150,3,true
387,Turtwig,3,Grass,0,,318,55,68,64,45,55,31,4,false
388,Grotle,3,Grass,0,,405,75,89,85,55,65,36,4,false
389,Torterra,3,Grass,14,Ground,525,95,109,105,75,85,56,4,false
390,Chimchar,1,Fire,0,,309,44,58,44,58,44,61,4,false
391,Monferno,1,Fire,17,Fighting,405,64,78,52,78,52,81,4,false
392,Infernape,1,Fire,17,Fighting,534,76,104,71,104,71,108,4,false
393,Piplup,2,Water,0,,314,53,51,53,61,56,40,4,false
394,Prinplup,2,Water,0,,405,64,66,68,81,76,50,4,false
395,Empoleon,2,Water,6,Steel,530,84,86,88,111,101,60,4,false
396,Starly,7,Normal,10,Flying,245,40,55,30,30,30,60,4,false
397,Staravia,7,Normal,10,Flying,340,55,75,50,40,40,80,4,false
398,Staraptor,7,Normal,10,Flying,485,85,120,70,50,60,100,4,false
399,Bidoof,7,Normal,0,,250,59,45,40,35,40,31,4,false
400,Bibarel,7,Normal,2,Water,410,79,85,60,55,60,71,4,false
401,Kricketot,18,Bug,0,,194,37,25,41,25,41,25,4,false
402,Kricketune,18,Bug,0,,384,77,85,51,55,51,65,4,false
403,Shinx,4,Electric,0,,263,45,65,34,40,34,45,4,false
404,Luxio,4,Electric,0,,363,60,85,49,60,49,60,4,false
405,Luxray,4,Electric,0,,523,80,120,79,95,79,70,4,false
406,Budew,3,Grass,12,Poison,280,40,30,35,50,70,55,4,false
407,Roserade,3,Grass,12,Poison,515,60,70,65,125,105,90,4,false
408,Cranidos,15,Rock,0,,350,67,125,40,30,30,58,4,false
409,Rampardos,15,Rock,0,,495,97,165,60,65,50,58,4,false
410,Shieldon,15,Rock,6,Steel,350,30,42,118,42,88,30,4,false
411,Bastiodon,15,Rock,6,Steel,495,60,52,168,47,138,30,4,false
412,Burmy,18,Bug,0,,224,40,29,45,29,45,36,4,false
413,WormadamPlant Cloak,18,Bug,3,Grass,424,60,59,85,79,105,36,4,false
414,Mothim,18,Bug,10,Flying,424,70,94,50,94,50,66,4,false
415,Combee,18,Bug,10,Flying,244,30,30,42,30,42,70,4,false
416,Vespiquen,18,Bug,10,Flying,474,70,80,102,80,102,40,4,false
417,Pachirisu,4,Electric,0,,405,60,45,70,45,90,95,4,false
418,Buizel,2,Water,0,,330,55,65,35,60,30,85,4,false
419,Floatzel,2,Water,0,,495,85,105,55,85,50,115,4,false
420,Cherubi,3,Grass,0,,275,45,35,45,62,53,35,4,false
421,Cherrim,3,Grass,0,,450,70,60,70,87,78,85,4,false
422,Shellos,2,Water,0,,325,76,48,48,57,62,34,4,false
423,Gastrodon,2,Water,14,Ground,475,111,83,68,92,82,39,4,false
424,Ambipom,7,Normal,0,,482,75,100,66,60,66,115,4,false
425,Drifloon,11,Ghost,10,Flying,348,90,50,34,60,44,70,4,false
426,Drifblim,11,Ghost,10,Flying,498,150,80,44,90,54,80,4,false
427,Buneary,7,Normal,0,,350,55,66,44,44,56,85,4,false
428,Lopunny,7,Normal,0,,480,65,76,84,54,96,105,4,false
429,Mismagius,11,Ghost,0,,495,60,60,60,105,105,105,4,false
430,Honchkrow,9,Dark,10,Flying,505,100,125,52,105,52,71,4,false
431,Glameow,7,Normal,0,,310,49,55,42,42,37,85,4,false
432,Purugly,7,Normal,0,,452,71,82,64,64,59,112,4,false
433,Chingling,5,Psychic,0,,285,45,30,50,65,50,45,4,false
434,Stunky,12,Poison,9,Dark,329,63,63,47,41,41,74,4,false
435,Skuntank,12,Poison,9,Dark,479,103,93,67,71,61,84,4,false
436,Bronzor,6,Steel,5,Psychic,300,57,24,86,24,86,23,4,false
437,Bronzong,6,Steel,5,Psychic,500,67,89,116,79,116,33,4,false
438,Bonsly,15,Rock,0,,290,50,80,95,10,45,10,4,false
439,Mime Jr.,5,Psychic,8,Fairy,310,20,25,45,70,90,60,4,false
440,Happiny,7,Normal,0,,220,100,5,5,15,65,30,4,false
441,Chatot,7,Normal,10,Flying,411,76,65,45,92,42,91,4,false
442,Spiritomb,11,Ghost,9,Dark,485,50,92,108,92,108,35,4,false
443,Gible,16,Dragon,14,Ground,300,58,70,45,40,45,42,4,false
444,Gabite,16,Dragon,14,Ground,410,68,90,65,50,55,82,4,false
445,Garchomp,16,Dragon,14,Ground,600,108,130,95,80,85,102,4,false
446,Munchlax,7,Normal,0,,390,135,85,40,40,85,5,4,false
447,Riolu,17,Fighting,0,,285,40,70,40,35,40,60,4,false
448,Lucario,17,Fighting,6,Steel,525,70,110,70,115,70,90,4,false
449,Hippopotas,14,Ground,0,,330,68,72,78,38,42,32,4,false
450,Hippowdon,14,Ground,0,,525,108,112,118,68,72,47,4,false
451,Skorupi,12,Poison,18,Bug,330,40,50,90,30,55,65,4,false
452,Drapion,12,Poison,9,Dark,500,70,90,110,60,75,95,4,false
453,Croagunk,12,Poison,17,Fighting,300,48,61,40,61,40,50,4,false
454,Toxicroak,12,Poison,17,Fighting,490,83,106,65,86,65,85,4,false
455,Carnivine,3,Grass,0,,454,74,100,72,90,72,46,4,false
456,Finneon,2,Water,0,,330,49,49,56,49,61,66,4,false
457,Lumineon,2,Water,0,,460,69,69,76,69,86,91,4,false
458,Mantyke,2,Water,10,Flying,345,45,20,50,60,120,50,4,false
459,Snover,3,Grass,13,Ice,334,60,62,50,62,60,40,4,false
460,Abomasnow,3,Grass,13,Ice,494,90,92,75,92,85,60,4,false
461,Weavile,9,Dark,13,Ice,510,70,120,65,45,85,125,4,false
462,Magnezone,4,Electric,6,Steel,535,70,70,115,130,90,60,4,false
463,Lickilicky,7,Normal,0,,515,110,85,95,80,95,50,4,false
464,Rhyperior,14,Ground,15,Rock,535,115,140,130,55,55,40,4,false
465,Tangrowth,3,Grass,0,,535,100,100,125,110,50,50,4,false
466,Electivire,4,Electric,0,,540,75,123,67,95,85,95,4,false
467,Magmortar,1,Fire,0,,540,75,95,67,125,95,83,4,false
468,Togekiss,8,Fairy,10,Flying,545,85,50,95,120,115,80,4,false
469,Yanmega,18,Bug,10,Flying,515,86,76,86,116,56,95,4,false
470,Leafeon,3,Grass,0,,525,65,110,130,60,65,95,4,false
471,Glaceon,13,Ice,0,,525,65,60,110,130,95,65,4,false
472,Gliscor,14,Ground,10,Flying,510,75,95,125,45,75,95,4,false
473,Mamoswine,13,Ice,14,Ground,530,110,130,80,70,60,80,4,false
474,Porygon-Z,7,Normal,0,,535,85,80,70,135,75,90,4,false
475,Gallade,5,Psychic,17,Fighting,518,68,125,65,65,115,80,4,false
476,Probopass,15,Rock,6,Steel,525,60,55,145,75,150,40,4,false
477,Dusknoir,11,Ghost,0,,525,45,100,135,65,135,45,4,false
478,Froslass,13,Ice,11,Ghost,480,70,80,70,80,70,110,4,false
479,Rotom,4,Electric,11,Ghost,440,50,50,77,95,77,91,4,false
480,Uxie,5,Psychic,0,,580,75,75,130,75,130,95,4,true
481,Mesprit,5,Psychic,0,,580,80,105,105,105,105,80,4,true
482,Azelf,5,Psychic,0,,580,75,125,70,125,70,115,4,true
483,Dialga,6,Steel,16,Dragon,680,100,120,120,150,100,90,4,true
484,Palkia,2,Water,16,Dragon,680,90,120,100,150,120,100,4,true
485,Heatran,1,Fire,6,Steel,600,91,90,106,130,106,77,4,true
486,Regigigas,7,Normal,0,,670,110,160,110,80,110,100,4,true
487,GiratinaAltered Forme,11,Ghost,16,Dragon,680,150,100,120,100,120,90,4,true
488,Cresselia,5,Psychic,0,,600,120,70,120,75,130,85,4,false
489,Phione,2,Water,0,,480,80,80,80,80,80,80,4,false
490,Manaphy,2,Water,0,,600,100,100,100,100,100,100,4,false
491,Darkrai,9,Dark,0,,600,70,90,90,135,90,125,4,true
492,ShayminLand Forme,3,Grass,0,,600,100,100,100,100,100,100,4,true
493,Arceus,7,Normal,0,,720,120,120,120,120,120,120,4,true
494,Victini,5,Psychic,1,Fire,600,100,100,100,100,100,100,5,true
495,Snivy,3,Grass,0,,308,45,45,55,45,55,63,5,false
496,Servine,3,Grass,0,,413,60,60,75,60,75,83,5,false
497,Serperior,3,Grass,0,,528,75,75,95,75,95,113,5,false
498,Tepig,1,Fire,0,,308,65,63,45,45,45,45,5,false
499,Pignite,1,Fire,17,Fighting,418,90,93,55,70,55,55,5,false
500,Emboar,1,Fire,17,Fighting,528,110,123,65,100,65,65,5,false
501,Oshawott,2,Water,0,,308,55,55,45,63,45,45,5,false
502,Dewott,2,Water,0,,413,75,75,60,83,60,60,5,false
503,Samurott,2,Water,0,,528,95,100,85,108,70,70,5,false
504,Patrat,7,Normal,0,,255,45,55,39,35,39,42,5,false
505,Watchog,7,Normal,0,,420,60,85,69,60,69,77,5,false
506,Lillipup,7,Normal,0,,275,45,60,45,25,45,55,5,false
507,Herdier,7,Normal,0,,370,65,80,65,35,65,60,5,false
508,Stoutland,7,Normal,0,,500,85,110,90,45,90,80,5,false
509,Purrloin,9,Dark,0,,281,41,50,37,50,37,66,5,false
510,Liepard,9,Dark,0,,446,64,88,50,88,50,106,5,false
511,Pansage,3,Grass,0,,316,50,53,48,53,48,64,5,false
512,Simisage,3,Grass,0,,498,75,98,63,98,63,101,5,false
513,Pansear,1,Fire,0,,316,50,53,48,53,48,64,5,false
514,Simisear,1,Fire,0,,498,75,98,63,98,63,101,5,false
515,Panpour,2,Water,0,,316,50,53,48,53,48,64,5,false
516,Simipour,2,Water,0,,498,75,98,63,98,63,101,5,false
517,Munna,5,Psychic,0,,292,76,25,45,67,55,24,5,false
518,Musharna,5,Psychic,0,,487,116,55,85,107,95,29,5,false
519,Pidove,7,Normal,10,Flying,264,50,55,50,36,30,43,5,false
520,Tranquill,7,Normal,10,Flying,358,62,77,62,50,42,65,5,false
521,Unfezant,7,Normal,10,Flying,488,80,115,80,65,55,93,5,false
522,Blitzle,4,Electric,0,,295,45,60,32,50,32,76,5,false
523,Zebstrika,4,Electric,0,,497,75,100,63,80,63,116,5,false
524,Roggenrola,15,Rock,0,,280,55,75,85,25,25,15,5,false
525,Boldore,15,Rock,0,,390,70,105,105,50,40,20,5,false
526,Gigalith,15,Rock,0,,515,85,135,130,60,80,25,5,false
527,Woobat,5,Psychic,10,Flying,313,55,45,43,55,43,72,5,false
528,Swoobat,5,Psychic,10,Flying,425,67,57,55,77,55,114,5,false
529,Drilbur,14,Ground,0,,328,60,85,40,30,45,68,5,false
530,Excadrill,14,Ground,6,Steel,508,110,135,60,50,65,88,5,false
531,Audino,7,Normal,0,,445,103,60,86,60,86,50,5,false
532,Timburr,17,Fighting,0,,305,75,80,55,25,35,35,5,false
533,Gurdurr,17,Fighting,0,,405,85,105,85,40,50,40,5,false
534,Conkeldurr,17,Fighting,0,,505,105,140,95,55,65,45,5,false
535,Tympole,2,Water,0,,294,50,50,40,50,40,64,5,false
536,Palpitoad,2,Water,14,Ground,384,75,65,55,65,55,69,5,false
537,Seismitoad,2,Water,14,Ground,509,105,95,75,85,75,74,5,false
538,Throh,17,Fighting,0,,465,120,100,85,30,85,45,5,false
539,Sawk,17,Fighting,0,,465,75,125,75,30,75,85,5,false
540,Sewaddle,18,Bug,3,Grass,310,45,53,70,40,60,42,5,false
541,Swadloon,18,Bug,3,Grass,380,55,63,90,50,80,42,5,false
542,Leavanny,18,Bug,3,Grass,500,75,103,80,70,80,92,5,false
543,Venipede,18,Bug,12,Poison,260,30,45,59,30,39,57,5,false
544,Whirlipede,18,Bug,12,Poison,360,40,55,99,40,79,47,5,false
545,Scolipede,18,Bug,12,Poison,485,60,100,89,55,69,112,5,false
546,Cottonee,3,Grass,8,Fairy,280,40,27,60,37,50,66,5,false
547,Whimsicott,3,Grass,8,Fairy,480,60,67,85,77,75,116,5,false
548,Petilil,3,Grass,0,,280,45,35,50,70,50,30,5,false
549,Lilligant,3,Grass,0,,480,70,60,75,110,75,90,5,false
550,Basculin,2,Water,0,,460,70,92,65,80,55,98,5,false
551,Sandile,14,Ground,9,Dark,292,50,72,35,35,35,65,5,false
552,Krokorok,14,Ground,9,Dark,351,60,82,45,45,45,74,5,false
553,Krookodile,14,Ground,9,Dark,519,95,117,80,65,70,92,5,false
554,Darumaka,1,Fire,0,,315,70,90,45,15,45,50,5,false
555,DarmanitanStandard Mode,1,Fire,0,,480,105,140,55,30,55,95,5,false
556,Maractus,3,Grass,0,,461,75,86,67,106,67,60,5,false
557,Dwebble,18,Bug,15,Rock,325,50,65,85,35,35,55,5,false
558,Crustle,18,Bug,15,Rock,475,70,95,125,65,75,45,5,false
559,Scraggy,9,Dark,17,Fighting,348,50,75,70,35,70,48,5,false
560,Scrafty,9,Dark,17,Fighting,488,65,90,115,45,115,58,5,false
561,Sigilyph,5,Psychic,10,Flying,490,72,58,80,103,80,97,5,false
562,Yamask,11,Ghost,0,,303,38,30,85,55,65,30,5,false
563,Cofagrigus,11,Ghost,0,,483,58,50,145,95,105,30,5,false
564,Tirtouga,2,Water,15,Rock,355,54,78,103,53,45,22,5,false
565,Carracosta,2,Water,15,Rock,495,74,108,133,83,65,32,5,false
566,Archen,15,Rock,10,Flying,401,55,112,45,74,45,70,5,false
567,Archeops,15,Rock,10,Flying,567,75,140,65,112,65,110,5,false
568,Trubbish,12,Poison,0,,329,50,50,62,40,62,65,5,false
569,Garbodor,12,Poison,0,,474,80,95,82,60,82,75,5,false
570,Zorua,9,Dark,0,,330,40,65,40,80,40,65,5,false
571,Zoroark,9,Dark,0,,510,60,105,60,120,60,105,5,false
572,Minccino,7,Normal,0,,300,55,50,40,40,40,75,5,false
573,Cinccino,7,Normal,0,,470,75,95,60,65,60,115,5,false
574,Gothita,5,Psychic,0,,290,45,30,50,55,65,45,5,false
575,Gothorita,5,Psychic,0,,390,60,45,70,75,85,55,5,false
576,Gothitelle,5,Psychic,0,,490,70,55,95,95,110,65,5,false
577,Solosis,5,Psychic,0,,290,45,30,40,105,50,20,5,false
578,Duosion,5,Psychic,0,,370,65,40,50,125,60,30,5,false
579,Reuniclus,5,Psychic,0,,490,110,65,75,125,85,30,5,false
580,Ducklett,2,Water,10,Flying,305,62,44,50,44,50,55,5,false
581,Swanna,2,Water,10,Flying,473,75,87,63,87,63,98,5,false
582,Vanillite,13,Ice,0,,305,36,50,50,65,60,44,5,false
583,Vanillish,13,Ice,0,,395,51,65,65,80,75,59,5,false
584,Vanilluxe,13,Ice,0,,535,71,95,85,110,95,79,5,false
585,Deerling,7,Normal,3,Grass,335,60,60,50,40,50,75,5,false
586,Sawsbuck,7,Normal,3,Grass,475,80,100,70,60,70,95,5,false
587,Emolga,4,Electric,10,Flying,428,55,75,60,75,60,103,5,false
588,Karrablast,18,Bug,0,,315,50,75,45,40,45,60,5,false
589,Escavalier,18,Bug,6,Steel,495,70,135,105,60,105,20,5,false
590,Foongus,3,Grass,12,Poison,294,69,55,45,55,55,15,5,false
591,Amoonguss,3,Grass,12,Poison,464,114,85,70,85,80,30,5,false
592,Frillish,2,Water,11,Ghost,335,55,40,50,65,85,40,5,false
593,Jellicent,2,Water,11,Ghost,480,100,60,70,85,105,60,5,false
594,Alomomola,2,Water,0,,470,165,75,80,40,45,65,5,false
595,Joltik,18,Bug,4,Electric,319,50,47,50,57,50,65,5,false
596,Galvantula,18,Bug,4,Electric,472,70,77,60,97,60,108,5,false
597,Ferroseed,3,Grass,6,Steel,305,44,50,91,24,86,10,5,false
598,Ferrothorn,3,Grass,6,Steel,489,74,94,131,54,116,20,5,false
599,Klink,6,Steel,0,,300,40,55,70,45,60,30,5,false
600,Klang,6,Steel,0,,440,60,80,95,70,85,50,5,false
601,Klinklang,6,Steel,0,,520,60,100,115,70,85,90,5,false
602,Tynamo,4,Electric,0,,275,35,55,40,45,40,60,5,false
603,Eelektrik,4,Electric,0,,405,65,85,70,75,70,40,5,false
604,Eelektross,4,Electric,0,,515,85,115,80,105,80,50,5,false
605,Elgyem,5,Psychic,0,,335,55,55,55,85,55,30,5,false
606,Beheeyem,5,Psychic,0,,485,75,75,75,125,95,40,5,false
607,Litwick,11,Ghost,1,Fire,275,50,30,55,65,55,20,5,false
608,Lampent,11,Ghost,1,Fire,370,60,40,60,95,60,55,5,false
609,Chandelure,11,Ghost,1,Fire,520,60,55,90,145,90,80,5,false
610,Axew,16,Dragon,0,,320,46,87,60,30,40,57,5,false
611,Fraxure,16,Dragon,0,,410,66,117,70,40,50,67,5,false
612,Haxorus,16,Dragon,0,,540,76,147,90,60,70,97,5,false
613,Cubchoo,13,Ice,0,,305,55,70,40,60,40,40,5,false
614,Beartic,13,Ice,0,,485,95,110,80,70,80,50,5,false
615,Cryogonal,13,Ice,0,,485,70,50,30,95,135,105,5,false
616,Shelmet,18,Bug,0,,305,50,40,85,40,65,25,5,false
617,Accelgor,18,Bug,0,,495,80,70,40,100,60,145,5,false
618,Stunfisk,14,Ground,4,Electric,471,109,66,84,81,99,32,5,false
619,Mienfoo,17,Fighting,0,,350,45,85,50,55,50,65,5,false
620,Mienshao,17,Fighting,0,,510,65,125,60,95,60,105,5,false
621,Druddigon,16,Dragon,0,,485,77,120,90,60,90,48,5,false
622,Golett,14,Ground,11,Ghost,303,59,74,50,35,50,35,5,false
623,Golurk,14,Ground,11,Ghost,483,89,124,80,55,80,55,5,false
624,Pawniard,9,Dark,6,Steel,340,45,85,70,40,40,60,5,false
625,Bisharp,9,Dark,6,Steel,490,65,125,100,60,70,70,5,false
626,Bouffalant,7,Normal,0,,490,95,110,95,40,95,55,5,false
627,Rufflet,7,Normal,10,Flying,350,70,83,50,37,50,60,5,false
628,Braviary,7,Normal,10,Flying,510,100,123,75,57,75,80,5,false
629,Vullaby,9,Dark,10,Flying,370,70,55,75,45,65,60,5,false
630,Mandibuzz,9,Dark,10,Flying,510,110,65,105,55,95,80,5,false
631,Heatmor,1,Fire,0,,484,85,97,66,105,66,65,5,false
632,Durant,18,Bug,6,Steel,484,58,109,112,48,48,109,5,false
633,Deino,9,Dark,16,Dragon,300,52,65,50,45,50,38,5,false
634,Zweilous,9,Dark,16,Dragon,420,72,85,70,65,70,58,5,false
635,Hydreigon,9,Dark,16,Dragon,600,92,105,90,125,90,98,5,false
636,Larvesta,18,Bug,1,Fire,360,55,85,55,50,55,60,5,false
637,Volcarona,18,Bug,1,Fire,550,85,60,65,135,105,100,5,false
638,Cobalion,6,Steel,17,Fighting,580,91,90,129,90,72,108,5,true
639,Terrakion,15,Rock,17,Fighting,580,91,129,90,72,90,108,5,true
640,Virizion,3,Grass,17,Fighting,580,91,90,72,90,129,108,5,true
641,TornadusIncarnate Forme,10,Flying,0,,580,79,115,70,125,80,111,5,true
642,ThundurusIncarnate Forme,4,Electric,10,Flying,580,79,115,70,125,80,111,5,true
643,Reshiram,16,Dragon,1,Fire,680,100,120,100,150,120,90,5,true
644,Zekrom,16,Dragon,4,Electric,680,100,150,120,120,100,90,5,true
645,LandorusIncarnate Forme,14,Ground,10,Flying,600,89,125,90,115,80,101,5,true
646,Kyurem,16,Dragon,13,Ice,660,125,130,90,130,90,95,5,true
647,KeldeoOrdinary Forme,2,Water,17,Fighting,580,91,72,90,129,90,108,5,false
648,MeloettaAria Forme,7,Normal,5,Psychic,600,100,77,77,128,128,90,5,false
649,Genesect,18,Bug,6,Steel,600,71,120,95,120,95,99,5,false
650,Chespin,3,Grass,0,,313,56,61,65,48,45,38,6,false
651,Quilladin,3,Grass,0,,405,61,78,95,56,58,57,6,false
652,Chesnaught,3,Grass,17,Fighting,530,88,107,122,74,75,64,6,false
653,Fennekin,1,Fire,0,,307,40,45,40,62,60,60,6,false
654,Braixen,1,Fire,0,,409,59,59,58,90,70,73,6,false
655,Delphox,1,Fire,5,Psychic,534,75,69,72,114,100,104,6,false
656,Froakie,2,Water,0,,314,41,56,40,62,44,71,6,false
657,Frogadier,2,Water,0,,405,54,63,52,83,56,97,6,false
658,Greninja,2,Water,9,Dark,530,72,95,67,103,71,122,6,false
659,Bunnelby,7,Normal,0,,237,38,36,38,32,36,57,6,false
660,Diggersby,7,Normal,14,Ground,423,85,56,77,50,77,78,6,false
661,Fletchling,7,Normal,10,Flying,278,45,50,43,40,38,62,6,false
662,Fletchinder,1,Fire,10,Flying,382,62,73,55,56,52,84,6,false
663,Talonflame,1,Fire,10,Flying,499,78,81,71,74,69,126,6,false
664,Scatterbug,18,Bug,0,,200,38,35,40,27,25,35,6,false
665,Spewpa,18,Bug,0,,213,45,22,60,27,30,29,6,false
666,Vivillon,18,Bug,10,Flying,411,80,52,50,90,50,89,6,false
667,Litleo,1,Fire,7,Normal,369,62,50,58,73,54,72,6,false
668,Pyroar,1,Fire,7,Normal,507,86,68,72,109,66,106,6,false
669,Flabébé,8,Fairy,0,,303,44,38,39,61,79,42,6,false
670,Floette,8,Fairy,0,,371,54,45,47,75,98,52,6,false
671,Florges,8,Fairy,0,,552,78,65,68,112,154,75,6,false
672,Skiddo,3,Grass,0,,350,66,65,48,62,57,52,6,false
673,Gogoat,3,Grass,0,,531,123,100,62,97,81,68,6,false
674,Pancham,17,Fighting,0,,348,67,82,62,46,48,43,6,false
675,Pangoro,17,Fighting,9,Dark,495,95,124,78,69,71,58,6,false
676,Furfrou,7,Normal,0,,472,75,80,60,65,90,102,6,false
677,Espurr,5,Psychic,0,,355,62,48,54,63,60,68,6,false
678,MeowsticMale,5,Psychic,0,,466,74,48,76,83,81,104,6,false
679,Honedge,6,Steel,11,Ghost,325,45,80,100,35,37,28,6,false
680,Doublade,6,Steel,11,Ghost,448,59,110,150,45,49,35,6,false
681,AegislashBlade Forme,6,Steel,11,Ghost,520,60,150,50,150,50,60,6,false
682,Spritzee,8,Fairy,0,,341,78,52,60,63,65,23,6,false
683,Aromatisse,8,Fairy,0,,462,101,72,72,99,89,29,6,false
684,Swirlix,8,Fairy,0,,341,62,48,66,59,57,49,6,false
685,Slurpuff,8,Fairy,0,,480,82,80,86,85,75,72,6,false
686,Inkay,9,Dark,5,Psychic,288,53,54,53,37,46,45,6,false
687,Malamar,9,Dark,5,Psychic,482,86,92,88,68,75,73,6,false
688,Binacle,15,Rock,2,Water,306,42,52,67,39,56,50,6,false
689,Barbaracle,15,Rock,2,Water,500,72,105,115,54,86,68,6,false
690,Skrelp,12,Poison,2,Water,320,50,60,60,60,60,30,6,false
691,Dragalge,12,Poison,16,Dragon,494,65,75,90,97,123,44,6,false
692,Clauncher,2,Water,0,,330,50,53,62,58,63,44,6,false
693,Clawitzer,2,Water,0,,500,71,73,88,120,89,59,6,false
694,Helioptile,4,Electric,7,Normal,289,44,38,33,61,43,70,6,false
695,Heliolisk,4,Electric,7,Normal,481,62,55,52,109,94,109,6,false
696,Tyrunt,15,Rock,16,Dragon,362,58,89,77,45,45,48,6,false
697,Tyrantrum,15,Rock,16,Dragon,521,82,121,119,69,59,71,6,false
698,Amaura,15,Rock,13,Ice,362,77,59,50,67,63,46,6,false
699,Aurorus,15,Rock,13,Ice,521,123,77,72,99,92,58,6,false
700,Sylveon,8,Fairy,0,,525,95,65,65,110,130,60,6,false
701,Hawlucha,17,Fighting,10,Flying,500,78,92,75,74,63,118,6,false
702,Dedenne,4,Electric,8,Fairy,431,67,58,57,81,67,101,6,false
703,Carbink,15,Rock,8,Fairy,500,50,50,150,50,150,50,6,false
704,Goomy,16,Dragon,0,,300,45,50,35,55,75,40,6,false
705,Sliggoo,16,Dragon,0,,452,68,75,53,83,113,60,6,false
706,Goodra,16,Dragon,0,,600,90,100,70,110,150,80,6,false
707,Klefki,6,Steel,8,Fairy,470,57,80,91,80,87,75,6,false
708,Phantump,11,Ghost,3,Grass,309,43,70,48,50,60,38,6,false
709,Trevenant,11,Ghost,3,Grass,474,85,110,76,65,82,56,6,false
710,PumpkabooAverage Size,11,Ghost,3,Grass,335,49,66,70,44,55,51,6,false
711,GourgeistAverage Size,11,Ghost,3,Grass,494,65,90,122,58,75,84,6,false
712,Bergmite,13,Ice,0,,304,55,69,85,32,35,28,6,false
713,Avalugg,13,Ice,0,,514,95,117,184,44,46,28,6,false
714,Noibat,10,Flying,16,Dragon,245,40,30,35,45,40,55,6,false
715,Noivern,10,Flying,16,Dragon,535,85,70,80,97,80,123,6,false
716,Xerneas,8,Fairy,0,,680,126,131,95,131,98,99,6,true
717,Yveltal,9,Dark,10,Flying,680,126,131,95,131,98,99,6,true
718,Zygarde50% Forme,16,Dragon,14,Ground,600,108,100,121,81,95,95,6,true
719,Diancie,15,Rock,8,Fairy,600,50,100,150,100,150,50,6,true
720,HoopaHoopa Confined,5,Psychic,11,Ghost,600,80,110,60,150,130,70,6,true
721,Volcanion,1,Fire,2,Water,600,80,110,120,130,90,70,6,true